arrival_rate,service_rate,num_counters,avg_wait_time,max_wait_time,total_served,customers_left,overloaded
3.633300756927026,2.3436227056267187,2,0.2307523803466937,1.5901771086933039,208,0,0
0.8000632323957514,1.0407276674017556,1,4.50779223956879,10.239141157577428,47,9,0
2.9122308563249706,0.6763358116537448,4,3.7229149062584983,8.52885118109819,154,14,0
1.213404092301039,1.4309304270434002,4,0.0030302515201439915,0.15265629055743446,75,0,0
0.5100963708820581,1.6388954570804026,3,0.0,0.0,23,0,0
2.9716514373057645,1.870432889188702,4,0.020616261467137888,0.65130051579888,182,0,0
3.902173679164976,1.282178135136737,1,21.388605037418337,46.07399213428381,57,183,1
4.236437596043878,2.164517384866837,1,13.618569818140037,29.170893944493038,135,131,1
0.6118799282121534,1.8747710371587751,1,0.15923327818691585,1.5851941744666398,38,0,0
0.8250119108354937,1.630049358918523,4,0.0,0.0,48,0,0
0.6867743120071339,1.282128963138249,3,0.0,0.0,41,0,0
1.3868801360382734,2.906431926972185,2,0.011128605946851593,0.4289188153098795,75,0,0
0.6492834193721366,0.5773204731573931,4,0.0,0.0,45,0,0
3.795760461602176,1.8423579000989523,3,0.15045921943256507,1.2006410092916866,219,0,0
3.7408352259921136,2.218249860148265,1,10.458080366338226,20.058753982684458,150,72,1
3.171239907210598,1.2724348514280535,5,0.05036901604518444,0.9528066120007281,180,0,0
3.0861264966502286,0.31408492976721925,3,17.16172264197841,35.96771404832394,67,115,1
2.2512991950930843,1.7199480666999927,4,0.013486422790294337,0.5219416755183559,126,0,0
2.5976018466042867,1.9394366532254381,2,0.44461241326241036,1.996393005004073,151,0,0
2.225541575217524,2.259782008661164,2,0.10142567478954848,1.1231586423063789,125,0,0
4.15414612284347,2.2773881238430436,1,11.66037272269621,27.43390398984363,142,129,1
1.70400607306289,0.9372541850381892,2,6.1453175042191965,18.032093980988904,98,33,1
1.0947780053410248,2.6872395166706973,3,0.0,0.0,55,0,0
0.5178313018843768,1.648786799274651,1,0.1706226398392678,1.1479105099385922,21,0,0
4.605760068430514,0.5119460353636061,2,18.160892229814092,46.20644929693664,56,201,1
0.7462471485403421,0.36447405415692086,2,1.95451646639311,8.893746819695082,38,5,0
3.738414327664513,0.5715520507111573,4,12.38428642882547,24.540547461415535,136,105,1
2.068191342270408,0.5224666328090308,2,16.383696074042224,31.100940840891663,53,81,1
2.0915979051991718,2.478861590981138,2,0.13877796094396685,1.400340256451443,101,0,0
2.9518971350025454,2.3096899336215744,4,0.0010964811442176875,0.09532390188105211,170,0,0
4.908741961105425,0.9894043157719961,5,3.3108012451506386,7.647362201305661,282,43,0
1.6185527821940693,2.0708228823784154,2,0.057006452274322494,1.2046973835755352,97,0,0
3.6285047353697024,1.8845417438385517,4,0.07104378028894723,0.7045531375055774,238,0,0
1.3280890820941575,2.3448935623989406,5,0.0,0.0,60,0,0
3.396720615377013,1.8499371459305105,5,0.003438867221230352,0.16928884089026042,182,0,0
1.7796984303326222,1.9964748071746228,2,0.03480230090117736,0.6042340346384929,102,0,0
2.1438982413599152,2.687685379141636,2,0.02020896861732137,0.642537625389231,123,0,0
1.866804820098076,0.5321372351857984,4,1.3182745757466556,5.939319855583086,99,9,0
3.593767451445559,2.5837247537299315,4,0.01804901128197204,0.47678723594132233,238,0,0
3.789298094130245,0.7144553082342314,1,22.324714148920066,47.68831779303539,41,186,1
1.2862394354003404,1.151790519913167,2,0.22528665374759965,1.830835473896677,82,0,0
3.1880369727273767,1.6520590661333203,1,17.657638759077464,35.13515312616906,83,118,1
1.604602954273603,2.43598294208384,3,0.006299423970917785,0.4752825116903594,95,0,0
4.8296565948845505,0.8781554424596134,4,8.415474508859818,15.779624790138222,206,87,1
3.215955129005377,1.0618114985857514,3,1.238736211050142,4.799917890294722,198,0,0
2.0012440874240074,0.42176829957691875,4,10.467636006012272,23.342117659870325,82,48,1
3.6621486803915615,0.4232277596144957,4,13.651485128959198,33.09482996499577,113,117,1
1.6860670436235352,1.1402956095235564,3,0.060080095680352046,1.5494307544755088,104,0,0
2.6101674195778486,1.8056490879086942,4,0.031922781442348065,1.082646740778884,138,0,0
4.762421009829587,1.3610542281569489,2,14.010216510985854,28.693601236761264,153,114,1
1.8126279761982964,1.6782563010056357,3,0.04236581833450817,0.7465003128200003,122,0,0
1.0212207572126115,2.2986892332518045,2,0.012871598388649666,0.32254791819065787,61,0,0
2.756419894207087,1.64674955184218,5,0.001197544454959471,0.12158764173471326,169,0,0
2.103098923965999,1.3344690102516272,1,12.329358561210961,28.071019075257198,75,48,1
1.755600484613426,2.6069919666358765,3,0.0,0.0,96,0,0
0.7430373809907405,0.3895760276634662,5,0.0,0.0,48,0,0
2.8275359090102623,0.6550361549084767,1,21.286323933887743,45.49423862023168,34,151,1
1.183602295368403,2.7175275395769707,2,0.01357850649848989,0.23679511257750363,71,0,0
0.8922864538341226,1.458923916075587,2,0.013382729684465586,0.3564833529942959,45,0,0
2.0062721283262013,0.9030002357848579,3,0.6309793684183268,4.210013481397695,124,10,0
2.228488013196758,2.3618968773386597,4,0.001254818213369594,0.12934685162071347,134,0,0
3.700964647966979,0.6318528024649901,5,2.9915354232911113,10.142512877880009,179,48,0
4.2504026931436,2.5277171062114916,1,8.973999864065886,23.554727406055136,152,91,1
1.9027023242456191,1.148754174145312,2,1.4291456876763036,4.599625484023239,115,4,0
3.800959331073278,2.095105850899366,1,12.299170444076506,26.23416816162893,122,91,1
4.333474940696981,0.5562308432722715,4,14.119442180692896,25.738802973709554,155,130,1
0.928066237299296,2.8522958393728697,4,0.0,0.0,68,0,0
1.9008413798956298,1.8704160988182927,4,0.008680895219068828,0.3909946989649953,115,0,0
1.0139279125362617,1.4668233121903946,1,0.4900229352563669,2.6169286201599053,52,2,0
1.433448952879277,0.9943329265882863,5,0.001586473051837789,0.14595552076907659,92,0,0
3.979472668860536,0.34083724625997913,4,15.404778919310635,35.9565027648672,92,164,1
2.835304962436253,2.788780300825165,5,0.001966535896242273,0.3035726909798484,161,0,0
1.3654992636961212,2.243587181186559,4,0.0,0.0,78,0,0
2.2423876256453914,1.6053851206195764,1,12.000572560410946,29.284979954596288,70,73,1
1.377082620064345,0.8452989471722971,3,0.1304938840576936,1.0898721122569093,88,0,0
0.8219112681600411,0.5776210724128918,4,0.0,0.0,43,0,0
1.4860129268510267,1.603934957965549,2,0.13574609137650362,1.4376931739927556,76,1,0
0.6515184001010796,1.6471881493839904,5,0.0,0.0,34,0,0
2.47307688502127,1.7736522060040278,3,0.055851638882913716,0.7782242497121219,177,0,0
2.742884956699633,2.3887406169785637,3,0.011959079548253159,0.47502430341463686,143,0,0
0.6342868285693534,0.620988494126421,3,0.20529523505063355,3.5292080358012097,47,0,0
3.7303261823228846,1.621944172742672,1,16.50381800311966,31.377014572708106,95,130,1
1.8358206611462768,2.2805152235926425,2,0.058595708171528885,1.0036022768513533,108,0,0
2.7774010283378314,1.998892182081413,3,0.06401866824638308,1.088102353161723,171,0,0
4.4314258329577685,2.0204102898801124,1,14.693039640398645,32.38290132664211,131,146,1
4.684516709350253,0.546151454468744,4,16.133111315820617,31.58600013496544,115,162,1
4.7738217236016345,2.170284486293773,1,15.837680312504064,36.19965714460583,135,179,1
2.622352894869899,0.6132790152840437,5,0.7425403326251547,4.517312451849229,142,0,0
3.5445557842167137,2.2767812409093566,4,0.012026093349528828,0.5937824931817275,212,0,0
2.963133661473637,1.8045959401605787,2,0.36486562506600534,1.810889353736627,179,0,0
2.008949817977067,0.3260351234765312,3,18.445642292442763,37.309541051086256,54,78,1
4.67490953342534,2.731730364711342,4,0.018595692597154507,0.633771296250039,266,0,0
2.5545171329134626,2.827572689169094,4,0.0004108777332185052,0.043652275560518206,170,0,0
1.0717974436590825,2.745023220602758,1,0.09410016870602657,1.3436915746633389,82,3,0
2.2072502388514135,2.414927596041805,2,0.10677860340653061,0.7890097503749995,144,2,0
4.035976910889591,2.4689604507150142,2,0.4556049858259459,1.6993666731574546,254,0,0
2.1184988014736925,2.648827778211768,2,0.06840093358055943,1.3698988456461976,118,0,0
4.203239174921315,2.5563569507790738,2,0.5917642579896042,2.5744148881078246,269,1,0
2.6096807001162556,2.2185416346126283,5,0.0,0.0,148,0,0
3.900956246800834,0.9273817184737103,5,0.4679014072601487,2.7522124518084183,225,2,0
3.5690410287539325,1.4389890163401364,3,1.5618550664996973,4.6554107557934525,221,0,0
0.6911910937302769,1.9952468552883582,4,0.0,0.0,30,0,0
1.094671104119334,1.7278598692843654,5,0.0,0.0,67,0,0
3.6296146669348377,0.7040967362251933,1,20.990495288932383,47.39096059682209,47,179,1
4.751281641377879,1.442148744679946,1,17.5921312883726,41.416979634920686,89,197,1
1.1641535788269621,1.4700081274961525,2,0.20737244257420978,2.1886742156239407,71,0,0
4.762971778128171,2.2662026919558524,5,0.007431649392098383,0.4921853136878269,284,0,0
0.5469174698526416,0.713877727974668,1,5.74205928646775,12.812238637463636,51,3,1
3.5851232712889667,2.387449178867639,5,0.00947682896171735,0.7113655950967845,225,0,0
2.791357840968387,0.9832262098747497,2,6.897709514325537,18.10935913828296,119,44,1
1.5661185578580006,2.161477490140374,3,0.006737306099878915,0.33532294029551224,92,0,0
2.578813549395005,1.7031363072062393,4,0.02232235796432973,0.9156430021117767,145,0,0
3.5921287736711975,0.3405386102665148,4,12.932484826249006,31.958768649429842,87,110,1
3.8031017990956797,1.8446611837512603,5,0.024666049137804437,0.5477550933172068,214,0,0
2.6134527631269933,2.5903475560192293,4,9.63120387137104e-05,0.015024678039338824,156,0,0
4.847400094326117,0.7327258039299469,3,12.434358672381139,27.603082600724186,143,140,1
1.522425146136422,2.658865100313464,3,0.0036851223573266664,0.37588248044732,102,0,0
2.1904391671528955,2.581581496316616,4,0.0,0.0,131,0,0
1.143329578803947,1.3118220705736086,1,0.7194592921727019,3.1568678315219856,57,1,0
3.958237842442557,2.507996553446535,5,0.003006128041145699,0.1796609315723927,242,2,0
3.9824484727217055,1.197917016717399,1,17.568121000557408,38.86444303735401,63,145,1
2.022915284799231,0.5072700866473991,4,6.106133217350681,13.622538071631396,98,33,1
3.9205843939856297,0.5528991684399431,4,10.202057417715347,21.23456805057345,142,81,1
1.9861555023692685,2.250671183068675,4,0.0,0.0,120,0,0
1.3464268099322176,2.0265458268414034,4,0.0,0.0,85,0,0
4.340133464474681,1.6410311783446965,5,0.02387830763733296,0.6281644519312444,268,0,0
2.1196003989515493,1.6686198167337878,1,5.178304977901798,12.446739921510897,92,25,1
2.6165504097211674,0.6851176453759469,5,0.8605092283434144,4.455737409886947,159,0,0
4.243076189250119,1.0358825603144108,1,24.968245606946347,44.614915187660614,62,197,1
4.069891653032689,2.2235473222215085,5,0.004975033558924568,0.2076756189929636,262,0,0
0.5877218005930493,2.1792733462564335,4,0.0,0.0,42,0,0
2.6070747620404555,2.1240370168516467,3,0.033336619602292124,0.48751143662133245,169,0,0
3.159879247419423,2.090906178497708,1,12.15889095310049,24.05418969920879,114,61,1
4.232054042342617,1.380269734482617,1,17.990270694182996,34.76355251306231,93,164,1
1.7627035562408677,1.7760270662045792,1,0.7881390341950649,3.859458991306525,92,0,0
3.908096371701248,0.9348675025747173,2,13.114560483932008,27.605546918629678,127,120,1
0.5676431611897694,2.0188257051946055,1,0.11833071541781379,1.5775285346012833,42,0,0
2.758344528394761,2.4605276105422207,5,0.0,0.0,165,0,0
4.390774718634408,2.989440279352635,1,9.456873154689724,20.255075683380646,174,101,1
1.0681283077552186,0.3538643160726716,4,1.8653269091779598,6.64407625054179,70,0,0
3.272894599102674,2.763395597874257,1,3.037306539040102,8.047923037733874,159,31,0
4.965268925937438,2.208287566022772,1,15.522542902811574,31.81462575285775,153,168,1
2.042577654210798,1.7593912099939069,1,5.933459429793877,12.964247168074522,107,23,1
0.7163718192380633,2.222077643632016,5,0.0,0.0,47,0,0
4.190173238836246,1.5946137067201587,5,0.03953002168913524,0.6791976774645434,265,0,0
1.2666422349803328,1.093684577230898,1,11.663342242372595,27.851323974987103,47,29,1
2.5881795149771785,2.471498203921996,4,0.007078870028761834,0.4142788968283704,164,0,0
4.243292895291542,0.7287865772293007,1,23.349512714503188,47.602553335939575,47,200,1
1.6695646701459892,1.1489573144151317,1,7.137448768880007,18.03599033661979,75,24,1
2.217346935666791,1.4526596018666127,5,0.006710490165346477,0.4344866686826663,142,0,0
4.926698216688204,0.5052642821662671,5,16.045028930301427,29.880424856337356,155,109,1
1.8353406629215243,1.6921610243237297,4,0.006907638059800743,0.2791932893074076,127,0,0
0.9802405302510573,1.3768728035092181,1,2.183053129916538,6.541102031030995,49,8,0
3.215131119242999,2.9349114873932245,2,0.11973097681372233,0.9796378870930553,215,2,0
2.9250679703879947,2.210319931963987,2,0.14193626262316197,1.3981817665488094,160,0,0
4.699287510241405,2.9016276459858372,5,0.00016842044638387677,0.04176827070320144,248,0,0
2.300081797391243,2.1945226360756434,4,0.0,0.0,115,0,0
3.4520795026097177,1.0420439170991618,2,6.6174071303819,13.866910935539664,145,46,1
2.1654802887930797,2.495472677189698,4,0.0009253622676625099,0.07292417186907585,129,0,0
4.8841685981409775,2.2157773298268024,1,14.32993677015232,34.360592516462034,127,156,1
3.155144987633988,0.7270963549559994,5,0.9705967838143499,4.336922804663452,203,1,0
2.3660448178291777,1.0882142484949715,1,20.14681868908173,40.34453763867458,58,107,1
4.5578380515107355,1.498433627386643,4,0.15175447935490083,1.6249769543510002,271,0,0
2.01234668386069,2.1565754460616993,2,0.08904267117650094,1.5286526403037328,103,0,0
0.9172760420779502,1.2004466924789516,3,0.05013730284983978,1.1649208444318901,62,0,0
3.6496513690864383,1.6237469362565273,1,11.081833212918646,20.34015153805459,120,79,1
2.721375964262193,1.2483303424715766,2,5.0658777409030975,8.769746640950341,168,18,1
0.5133856300035795,1.6043679703068612,4,0.0007751318894584358,0.026354484241586817,34,0,0
2.3571430346681774,0.5331562564656278,1,21.94232375521772,43.575775924926425,42,108,1
0.6806180681666874,1.8733253397084455,1,0.1333508135346967,1.3284325589417278,51,0,0
4.074332188451754,2.2071531219972185,3,0.06265337956011391,0.6137179587935861,254,0,0
2.962711271354328,2.2602372148979537,4,0.02473087005194383,0.6578841127752995,174,0,0
4.438490579955717,0.9748495923977969,3,12.27506450104482,26.65838679492225,163,118,1
2.5422837191433505,1.6728594648290644,1,13.434630583329772,26.78557665958558,97,64,1
3.532954188545912,2.5702411055452634,4,0.013701462563163971,0.32538386287855303,213,0,0
4.705432959706075,2.9079437945489675,2,0.9342681568528637,3.666279872428852,291,15,0
2.7072447564346858,2.296760147327108,1,11.708424625854276,16.423723978135463,127,45,1
4.65863809503222,2.059164185863251,5,0.0025609327369434456,0.13227130076220917,290,0,0
4.057685556455054,0.6824988242035117,2,17.18149015744159,40.959220882812915,76,190,1
3.3208179006096885,2.8461667728965123,4,0.003045186645601685,0.25052675579706474,200,0,0
2.3997501123506693,0.7569943565461621,5,0.18611235743187812,1.6714879671109628,159,0,0
2.068517096464145,2.0256491686495504,4,0.0005637505374414431,0.06765006449297317,120,0,0
3.6250994075835647,0.7740914956745345,4,11.047677405376207,20.354991510170464,170,66,1
2.8846775269694995,2.2732228885676693,5,0.0014081182809054084,0.2337476346302978,166,0,0
4.1049751394113105,0.9907091040505105,1,21.494616529237337,44.95952095499193,61,204,1
3.202598599931002,1.0426091300348574,4,0.29209592987975114,2.057724859659743,177,2,0
1.76414995539824,0.9927714779996744,2,2.694635893502228,6.2537806291030975,99,3,0
1.4134153411533343,0.5896124137493264,1,14.90669888350492,35.07379508151908,35,52,1
3.676971223044068,2.2089218478791195,2,1.3564733803523241,5.855207014758307,212,0,0
3.0412938340273294,0.3433556498102215,3,17.78980020784152,40.796314983702175,56,130,1
1.568329217937718,2.316616145906937,2,0.12401903061886549,1.4102448956085567,86,0,0
4.868013925592595,0.3685292256257344,5,16.298453205132375,30.719147588413765,136,152,1
3.861139567005376,2.467492491733362,5,0.002466503194781049,0.1417816113489323,226,1,0
3.441236473748398,1.1406075338608743,5,0.04720415897528423,1.2294017055114494,198,0,0
2.7272137402031653,1.1945810238740215,2,3.8074419470267697,7.866180736994142,137,6,0
0.5521296990206579,1.0260098170013878,2,0.027466986196204423,0.42094720800425733,35,0,0
4.396414620986992,0.6275438959797871,3,17.84026354233807,39.77556916081615,100,158,1
3.939917436997076,1.0498163827198435,2,9.253440163006964,21.661961948497016,132,89,1
2.2128667834134363,1.8849514173849549,2,0.21222313543783786,2.213147322545968,139,2,0
4.865668842558443,1.323747839539539,5,0.1618196219496976,1.3830199363337137,269,0,0
2.56010323293621,1.600338754038807,4,0.02587328476597561,0.5357818151728466,142,0,0
3.7692496334787977,2.775006382852788,4,0.010170938877315485,0.3240678458658408,202,0,0
4.5411092993661155,2.6407067742983013,5,0.001386565131217603,0.2869669527295997,262,0,0
4.507190300200926,0.5071371388795547,3,21.00537522242393,41.059141974031895,94,188,1
2.680508858109118,1.9891334037107504,3,0.057982522031926456,0.998067029575644,154,0,0
0.8917858224100308,0.7008378956667121,3,0.07501867289001904,1.2903448629427494,58,0,0
3.8883459420719984,2.5077397530989796,5,0.0033680131357789046,0.21687227520366292,227,0,0
3.784070888966865,1.3599364530837794,2,9.65181056182955,19.207424627418142,166,82,1
3.3262311151503945,0.9074838790743258,1,18.711768855449193,47.01419845934211,50,159,1
1.5114968345155004,0.45215761993703973,4,0.1408281012624544,2.1906800021009474,75,1,0
2.9954849996133004,0.3266638882066627,4,13.460103693127087,27.21829979888806,91,85,1
1.6416416859244056,1.729738057375665,3,0.005818755122183221,0.21449713197969444,77,0,0
0.8431142151819321,1.7316790263115382,4,0.008623736453549389,0.34361312375381203,67,0,0
1.256532959419711,1.2102912147250258,5,0.0,0.0,81,0,0
4.060297112660596,0.48250803864633796,3,17.910936251770053,40.113633593715925,81,167,1
1.9220485612750555,0.4271737961930633,5,2.886023132317889,8.113060518676924,111,5,0
3.1999561612235174,0.40446832510865494,5,9.57811643313539,17.265257485372302,136,52,1
4.574387197744952,2.7787178550645457,4,0.007198050921182783,0.25761233797408467,283,0,0
4.560329694471248,1.7834639184897647,1,16.90591780325801,30.99364856963184,112,153,1
4.8877205349963955,1.9546480618506377,1,16.817875895356952,34.11346267082996,129,172,1
0.7531626256602815,2.3263713590302904,5,0.0,0.0,50,0,0
1.390945580693051,2.1448782682773975,4,0.0,0.0,73,0,0
4.786420320409268,1.2266938826146327,5,0.4967384692072442,2.4941562734452756,286,5,0
1.2454983068021148,0.8372552253217134,1,6.010604949325322,13.532184772283053,56,23,1
2.2955843937773737,1.1195711249090219,4,0.013935475449259865,0.48388161660781037,149,0,0
3.38748789701779,2.0180473901160094,4,0.01491508835966276,0.5083952762164623,212,0,0
1.7706219204536073,2.4484892604039943,4,0.0,0.0,99,0,0
2.476492636133684,2.9044201669200485,1,0.502538601296746,2.2665241466122374,154,1,0
1.34765322923434,1.979357320332276,2,0.014738615536384215,0.45585793897867966,86,0,0
1.1209273779882019,2.229826242627089,4,0.0,0.0,61,0,0
3.453494176441677,2.825644778461315,4,0.0008328997035688798,0.053879281487184016,204,0,0
1.6654361786571095,1.4697779608892014,1,3.824572878264058,7.98697899730071,89,1,0
1.459318335094172,0.7596740889017515,5,0.0001115535589652736,0.009324128999530501,85,0,0
4.66201697117127,0.4685465526086397,5,14.20519863355785,31.262265213070418,123,147,1
0.6984079598011605,1.9497316336525856,1,0.2918763245995721,2.0932013291235023,36,2,0
3.9633452913756795,1.3069649198854354,5,0.04268670482541191,0.7240871456972684,229,0,0
4.12338656971189,2.097612446715177,4,0.054361860217662386,0.8851625978292432,258,0,0
1.5562147248419906,2.877811799150614,2,0.0389316892057365,0.5318914553840717,106,0,0
3.257179067987411,2.7115439385755797,3,0.012706213215380895,0.34805146645585694,212,0,0
4.690800102438957,0.41940330074678134,4,17.766905535002923,31.882564960708763,113,152,1
2.7355896067683667,0.9053662895494732,5,0.36590410933093576,3.5063037995082063,165,0,0
1.8583087148660529,0.5563755561515772,2,11.75146097169887,25.96596256339879,68,53,1
1.5231525692987395,0.6400029268489129,4,0.029651810088929597,0.5048357986450753,76,0,0
2.6886306304534564,2.264827798786185,3,0.009443700070611405,0.3898807386630594,158,0,0
1.6391303090229814,0.43988280342769903,2,10.64981755313756,21.82604034402791,60,35,1
1.33514894563338,1.6845815631926908,2,0.0365603507813448,1.160428560864375,88,0,0
1.6623652581733557,0.7363899001478962,1,13.920466441321466,38.25222295019323,34,67,1
4.793231126219714,1.2251008111509496,5,0.24708391428606571,1.3187680091687426,301,0,0
3.334446454658278,1.3603962286895022,3,0.5581312895764683,2.561949778947252,208,1,0
4.646035749091472,1.536852543475183,5,0.04672974210867052,0.5303440583416714,274,0,0
4.53301742810226,2.686782251716856,2,0.5435248848997181,2.3398559341287886,280,2,0
0.7682672532164079,0.4804949612968654,1,7.0888979790466,12.620804486447945,37,6,1
4.720551186792834,0.6070419368573297,5,7.443446430889187,16.46875407494069,195,52,1
2.579230401253699,1.7538013399987098,1,8.218091041658887,18.08145188364147,109,50,1
4.8970672577231,0.7131320403384308,4,12.954115199817199,27.559385710599386,158,131,1
0.7799146601591374,2.105531296908017,5,0.0,0.0,37,0,0
2.4989232303835864,1.139678966073144,1,12.804013616844907,29.08362653650534,86,81,1
0.5144999200245628,2.299056241184779,4,0.0,0.0,33,0,0
4.64669593467695,2.278858678733802,2,3.3162534568308737,6.58421117420977,268,20,0
3.5828581761494345,2.6579134418489625,4,0.002419791992558681,0.18391550914786237,208,0,0
3.5063839270105364,0.8290200763253703,2,14.994943345410837,35.51255697429364,96,127,1
2.076949251010868,1.4586881742826814,1,14.870157059957606,33.45451638942582,67,70,1
2.5494880985711132,0.3583009252384144,1,24.172901898437946,51.33966961834685,21,144,1
1.6156772829806663,1.6800264156871665,5,0.0005252742400450572,0.05252742400450572,100,0,0
4.409822661033541,2.915900442477739,3,0.0754812514812064,0.8074613761498375,277,0,0
3.0113341777508427,2.2588609970241236,5,4.4335521286692294e-05,0.00735969653359092,166,0,0
1.5928929522814512,0.9973455716003328,1,18.36950103974483,37.23809745194505,50,66,1
2.615257606127312,2.726768465858811,3,0.0015665371004613233,0.13435077581232235,171,0,0
1.7959129370439237,1.0728418747957946,2,1.143354874169341,3.5549263003021707,115,12,0
3.0568373815401797,1.5053234112796092,4,0.057304993247317325,1.2068896143949273,193,0,0
1.5655588054093383,1.9376718393328607,1,1.370049144430496,4.483476947351768,94,3,0
3.936216552010618,0.3120977396229639,1,25.965315629009858,52.221984792223665,20,214,1
2.2625708222347827,2.6323080446146854,4,0.0,0.0,146,0,0
3.366604544408248,0.5618109122273767,4,14.158637716270912,25.288285454757926,125,67,1
3.520990139120647,1.5864634296013955,4,0.08516435311132806,1.1669992286031388,204,0,0
4.337827586578209,1.3514745314653704,1,20.63882678686639,40.0000350006377,69,175,1
1.521270228872273,2.875286647533595,3,0.020479148879256816,0.5438067576388725,99,0,0
3.2024814267638186,2.695805535019763,3,0.032350593377454856,0.46925641871894896,187,0,0
0.8174940440685512,1.3581711514528547,2,0.0,0.0,50,0,0
3.888802774149834,2.915523334636591,3,0.04550391429945837,0.7722023636334399,227,0,0
1.4549381392413454,0.5451460970837454,4,0.21908453362065072,2.3632150785451103,81,0,0
1.9972467711748405,2.827512264488759,5,0.0,0.0,121,0,0
3.1248231509749,0.7821364200582329,2,13.21370776152851,30.012853974111945,96,103,1
1.4544692372368972,2.394849432308031,3,0.013795377706804222,0.4018770701484513,102,0,0
2.7432222823406676,2.7602351624992227,4,0.0007496066291291169,0.11319060099849665,151,0,0
2.0499591893835163,0.7575037839458136,4,0.355088954848819,2.985286726288855,131,7,0
2.1262116283816823,0.9828916118323283,4,0.1534469263927707,1.8518279321278257,126,0,0
4.040276164038904,1.0513647251488305,4,4.29883459125192,9.47591566799894,234,39,0
2.2410546072540933,2.6680457472571457,2,0.021598236420591173,0.34707686530784,121,0,0
4.2860550152434485,2.3403117705716605,2,1.5292540974483109,5.634325842544101,267,30,0
2.11686961507226,1.4400318663268754,3,0.04951953275180594,0.7253740874079284,135,2,0
3.640536797648134,2.3401354672663155,4,0.017553508816521183,0.6094210221539811,213,0,0
2.5093532841669193,1.8366220098622734,5,0.0013442618869277995,0.11231212054678252,161,0,0
0.9792172833728457,0.6993315563770908,4,0.0,0.0,53,0,0
1.793714119719669,0.6055901101679446,1,22.24267826470521,39.44599493790733,34,88,1
0.588571052494781,1.2294724112017723,5,0.0,0.0,37,0,0
1.466068075380059,2.39943838470041,5,0.0,0.0,82,0,0
0.9972183379199,0.9755982677428567,1,14.26048783295273,25.951058344731884,52,23,1
0.9737087071395887,0.5157236464877593,3,1.0974845097723092,3.993513616282545,69,0,0
2.886540257650588,1.364920024687886,4,0.03857450773715485,1.1839214722301818,172,0,0
1.3988609922072013,2.144458277860292,4,0.00010456957629202179,0.007842718221901634,75,0,0
1.1129964054910626,2.891397463160158,1,0.13892608474600715,1.4823310201264768,74,1,0
4.6387444982868375,0.9306779570443542,2,17.13065109806587,32.3202920388235,109,167,1
4.560883953258067,0.690784419139296,3,9.95755576514789,27.220415195516416,137,134,1
4.812741028796474,0.7171213646255011,1,22.499292423462865,48.40465842956775,39,237,1
2.605454550116269,1.8505574439523194,3,0.03622359512306331,0.504009900880158,173,0,0
0.5910318434603687,0.7935521330905498,2,0.08889669384880713,1.7282154704895731,36,3,0
4.645939952056762,2.459130772005735,4,0.017981236182225267,0.7110816040818477,259,0,0
1.3410892930004166,2.9378685618445783,1,0.3171387822453548,1.9674581920777872,72,0,0
3.9457934630265896,2.869363020871205,2,0.22569559060475958,1.0628224484928612,254,0,0
4.404350185080036,2.439769279441423,3,0.1920200416823653,1.4360367729290502,276,2,0
3.5155796841573537,2.552208892480812,2,0.1942680493156757,1.3680995314461057,186,0,0
2.371720719924264,1.4766246697336718,3,0.06716308298330628,1.2344444145908597,147,0,0
2.5953749906945625,0.7115045665371875,1,19.459745010024232,45.47917735974027,43,112,1
2.6680562264896306,2.068465674506027,2,0.16273261901811842,1.2471088690863872,141,0,0
2.0136662104530685,1.571011583544727,2,0.2748596570411941,1.542888524969058,112,0,0
1.550598333588941,1.7531718587682765,5,0.0,0.0,104,0,0
2.1623893772887417,0.457183742170482,5,0.2908616022344402,2.2826124260447322,111,0,0
4.694151300647108,2.6914519838472915,4,0.019242506719251793,0.3878661169455313,278,1,0
2.4531957118276764,2.1123755196871112,2,0.21257508485722265,1.2557398911229596,153,0,0
3.5116236067290183,1.9403251488559112,2,0.746257042575201,2.7723133094372727,199,5,0
4.750732193197129,2.667969901433422,1,11.452526268458495,23.61241244786985,179,138,1
2.036440570891826,1.9832555525672129,3,0.05225577135147162,0.7524540496478247,119,0,0
1.6565070625366571,1.9162874656531956,4,0.0,0.0,81,0,0
3.3548573779212756,2.4207713272941658,4,0.0020994615522831957,0.15960802818218767,215,0,0
1.7126795136077853,1.5900903844846899,3,0.004810347756606209,0.2627428561456071,90,0,0
3.472069169460519,0.8767089322096469,4,1.3337740625253305,3.94999633069218,205,14,0
2.651127103667814,0.5072321556503141,3,12.634293705657583,24.287507507377434,102,65,1
2.771736894543614,2.1197088979912095,1,6.489011617724647,16.920281901941657,140,51,1
4.166039276426652,0.3548477784167933,3,16.523928974829996,39.34795229800567,69,177,1
1.951310674465859,1.3806556143531599,5,0.0012778622372310187,0.08832231838700011,108,0,0
0.9594067881221748,0.6871133601494996,3,0.06795467883888683,1.1203985257044184,56,0,0
1.7422943048567552,1.1479593497270693,4,0.02598732371097246,0.5662066776362273,117,0,0
4.1036152554977665,2.859617028364906,3,0.05413267537070712,0.652445112062189,238,0,0
4.536930832624542,1.7676153329813546,2,9.42126068636591,21.656864882217306,197,93,1
3.760952334806657,2.832577070003013,4,0.011617586006783386,0.6028622111626802,222,0,0
3.0116019356513672,2.8487323977986114,3,0.01497009665222592,0.3853755612366214,188,0,0
4.237765967350934,1.8011834889261749,4,0.05334509482876453,1.0824816657240817,245,0,0
2.411467661595595,0.6753939136961857,5,0.23245635101619827,1.451978489521693,141,0,0
4.001558255181717,0.48849668456096357,4,15.327347834972233,33.22391864064657,115,119,1
3.719001644321893,2.338076800530422,5,0.005652607739667571,0.20377836765950974,233,0,0
2.948570750028746,0.9235180080916394,3,3.497598485151612,8.783484301081224,140,20,0
2.5195107231970946,0.36490096642885556,1,17.135874711938776,49.313128126737226,32,120,1
2.1296949013047124,1.977751220630865,5,0.0017473635021477475,0.21716138316832456,160,0,0
1.9205276851300614,0.8166603561044481,5,0.01012780093421698,0.5389722138977717,104,0,0
2.070169712642434,2.7404548953490595,4,0.00027955832038733104,0.028514948679507768,102,0,0
0.6970005879517629,0.9772852376860752,2,0.016368303438141732,0.6219955306493858,38,0,0
3.481710446517776,0.7076797565146264,5,2.293247281103553,7.467725213096145,177,25,0
3.271897588567808,2.2146683764390294,5,0.0009583055756747136,0.0973800685307964,220,0,0
0.5452001374781377,1.4240168983864816,2,0.0,0.0,32,0,0
1.3842121478930576,2.6864183835607855,3,1.5548398779171603e-06,0.00014615494852421307,94,0,0
4.581229555128017,0.9714233587215026,5,0.13036611679722546,1.2829236634189556,246,0,0
1.3290500032352153,1.7287670910593014,3,0.0006687982535464275,0.04949107076243564,74,0,0
3.883417914411426,1.0591492499080684,3,2.1349698239674995,7.346232284541422,187,27,0
0.9399517693742836,0.9167401806060649,4,0.2148332883582802,2.471201598712419,53,0,0
0.8815340277517631,2.2330872978321206,1,0.45196648317972743,2.2352296078365583,49,0,0
2.6102682017147165,0.3884119785100945,3,18.784680742837825,36.12684250707956,67,93,1
3.9459930600633815,0.4247613230817646,1,22.93443638881934,43.76607083791042,24,235,1
2.718248747169317,2.3821971287203905,2,0.2180238694866656,2.2441306158622965,186,0,0
1.5620652823193728,1.3648592337481356,1,7.642153717828283,17.787164087981765,71,35,1
0.5812202700712514,0.448797386948074,1,15.558906938575753,28.786183112571166,33,9,1
3.7416654884024787,2.1819350661562744,3,0.06824578874311439,0.8583765314519312,232,2,0
4.38329283351559,2.7858473307624108,3,0.06947065573627208,1.1702776502336008,269,0,0
3.1151576414777953,2.337132657835721,4,0.010519247055162571,0.38219860052795696,188,0,0
2.9206400292188874,0.5170308523618071,3,11.52952557341668,21.875634611383056,110,62,1
2.201483981353608,2.02329957374077,3,0.01344705483671209,0.3768758440596969,124,0,0
4.460594429878229,1.1915535195005031,2,15.277063044553437,32.62131366289515,131,149,1
4.132744544256292,2.6982006960097666,3,0.06097613843026599,0.9340514820866517,271,0,0
1.0218458706927398,1.848712705851658,3,0.0076706248389433835,0.2228635079394854,68,0,0
1.839654363921572,0.8221149106749761,2,8.374881359547702,15.213925064303716,83,17,1
4.4456004390494215,2.662065999022198,1,12.2514601190881,26.33163148794482,145,127,1
1.0550209690858257,1.5169385992877036,4,0.0,0.0,52,0,0
3.146032766826689,0.5858481163849216,3,11.416248210552514,25.80089510447415,106,82,1
1.4485595762428747,2.6566978686925933,5,0.0,0.0,103,0,0
2.2722784429452902,0.7868244011046419,3,1.8594056831433272,5.164188274598401,138,1,0
4.596607998813548,1.009801434934559,3,5.161068642864855,15.025486747198038,187,63,1
3.8030051355216026,0.4957423942170164,4,16.747671480836495,27.577608265488323,128,100,1
0.8024467184974238,2.451175700247336,1,0.11540152305785156,1.2954315732881625,46,0,0
1.4011376586482114,0.4611792617642415,2,10.180291266099344,22.305240937049,48,40,1
1.2003050227513539,1.2382985819785468,2,0.13892649982019,2.0749771045708094,68,0,0
3.32657098259761,2.05097003704224,1,15.841610884960803,24.49883395709136,118,86,1
0.5582343508773892,1.1585770721666346,4,0.0,0.0,37,0,0
0.9277038848152267,0.5653582528688694,3,0.015044096210209927,0.4420951567606295,53,0,0
2.9895158170609633,2.8278065505218613,2,0.08281650862226124,0.8293861362019825,166,0,0
0.8637384963985055,0.6313860754164701,2,0.29031224067545497,2.7549514889471993,37,0,0
0.837839673813185,0.4275772717338322,3,0.20617992432615123,1.9479743553838134,43,0,0
1.1986013723952968,0.3348433501780369,5,0.9017024009113903,4.177930551864016,65,5,0
2.0301133498432034,2.91865498472069,3,0.02087353043552413,0.7741163471819092,136,0,0
1.1726597240930114,2.1157407175214065,1,0.47140007786295846,2.5390985153746968,70,1,0
4.921485823437722,0.6170160398993172,1,27.635682288806134,53.248067869518536,35,268,1
4.6467307391362445,2.265118266880171,1,13.669054445157432,27.40189509807967,155,129,1
2.579042171923548,2.891706996371878,3,0.013799829427349562,0.411242504652094,169,0,0
1.268762131789859,2.60507120946052,5,0.0,0.0,79,0,0
2.986858169551984,1.3253966843869132,2,5.352654933601031,14.854180712521647,138,48,1
1.96306549256849,1.4659132573386096,2,0.5659865482861678,3.7858180252079023,119,0,0
2.5179109159490056,2.71313711012271,1,3.705999010555621,9.119386865938026,124,17,0
1.323613400614344,0.8288789230698961,5,0.0,0.0,74,0,0
2.056235510947134,1.9189551315439684,4,0.007196404038190243,0.29803745693635886,137,0,0
3.793217882608035,2.0432171691277374,1,12.963382809797247,26.47196939361031,117,93,1
0.7293216299274969,1.9527393627843808,1,0.10685347228783532,0.6652952156320282,32,0,0
4.715318754868172,0.5100651261995504,5,13.437853059091854,29.51297290740619,147,136,1
4.420742463192986,2.4771280295319107,4,0.007412807213327448,0.35533803118428153,278,0,0
3.388934766661311,0.9603607572108379,2,14.11207436762406,29.416830284133926,113,100,1
4.852493937426237,0.645727238922309,2,21.022771530536065,41.53991526674454,93,200,1
1.7995936148572802,1.457287891955004,1,8.43946531240234,18.721094272462615,85,33,1
1.3588258132565798,0.4435558440456758,4,0.7213854379763907,2.9250350578774142,76,0,0
4.049617172958328,0.8353658817125715,3,12.395031175066192,23.781955406976792,150,96,1
1.9613937860779522,1.5379824954386745,1,15.148576003625976,23.088141736273233,73,36,1
3.195226071440046,0.5991290154013503,5,4.98349435840377,10.66566576501365,150,24,0
0.999548380147699,2.0481799670211496,4,0.0,0.0,52,0,0
2.2601626612620205,2.5085351567091223,2,0.14057798438802946,2.257653334403159,136,0,0
2.49878825195514,1.7382372104778587,3,0.05116616718876874,0.751480524375963,160,1,0
1.4671987619590605,2.7776337534047144,2,0.023284742832204344,0.4843638909095658,88,0,0
3.8566394740988295,1.1253057776830446,5,0.02698659256245954,0.47514867047837583,212,0,0
2.003589900522959,2.062657103625817,1,1.2747750333773784,3.628328452959753,120,0,0
3.0100087001040974,2.0315062839822287,4,0.009384864799407871,0.6022261678806977,191,0,0
3.860481387565638,2.483496680739573,3,0.02789058920536297,0.5937283604019212,224,0,0
4.213211743565855,1.145002815499435,5,0.9401265601679594,3.969510703641461,276,0,0
1.2479113303997444,2.873933621096448,1,0.5063934306510415,3.0282566314410246,71,0,0
4.221435071144185,1.2397026314160098,5,0.23316866223765917,1.769745193420789,271,0,0
2.095218597083169,0.5505222154718514,3,4.384720978294471,8.582518581627468,101,15,0
0.8980769404229818,0.31806776146543736,1,19.631280179234196,35.00687119272385,25,29,1
1.8611249276728794,1.33769987508224,3,0.0907343980109677,1.2641482742747883,112,1,0
1.0820034408610695,1.542588397341342,2,0.0632854449931051,0.7011014180669939,70,0,0
1.1072498745897628,1.7725328724387874,1,1.1466565131855562,3.0983254025698024,66,0,0
2.2727207549237205,2.0536402483573744,3,0.01722370311457587,0.613469209014859,129,0,0
1.3853313377729695,0.529179236939167,1,17.460487566832754,32.07141952749389,36,39,1
3.2701973910734075,0.378507792724183,4,13.385040261596439,31.31029913379501,99,103,1
3.724301503346961,2.00322857362621,3,0.05312538328243809,0.9621220265696522,218,0,0
1.8162451357886622,0.36439221321210735,5,7.190103399004748,11.456599420504872,106,20,1
2.0770184825154034,0.4627222906190217,3,16.031550497065385,29.258997485696334,70,70,1
0.7315814797082898,0.3952159839849558,4,0.19345682719546162,2.598182107438106,55,0,0
2.012476150139892,1.2206258739017906,4,0.0010038490354378497,0.07896041458781511,137,0,0
3.949295635525445,1.5413698978651802,1,15.562788117867974,27.627600043721525,130,88,1
3.1083739798824825,1.895963403005809,2,0.33520770913436493,1.9328757261077811,167,4,0
4.980835775190201,0.5090960575108607,1,26.62878768899407,53.36049072126208,31,269,1
3.949778264887852,2.642021025792897,3,0.028376651791973892,0.4503458082179961,231,0,0
3.31775941415837,0.3361553252119835,4,13.983281108953348,35.24118756246803,82,121,1
4.647602289020851,0.39981140741057036,5,15.353899419220136,33.95678268425709,132,195,1
3.564499276520721,1.8239796899519019,1,12.409421959280415,23.987157578656756,119,79,1
1.833285515062773,2.8377758500131773,5,0.0,0.0,111,0,0
2.81499573346277,1.8602178961786284,1,10.09219373645443,20.171344657629454,127,64,1
3.6164880848857717,1.2399532517855867,5,0.023036211232982315,0.45217520636352937,208,0,0
1.160308716060477,2.5808485375728134,2,0.007284431833221887,0.2559766340613159,63,0,0
2.746055816612794,2.818805637564988,2,0.13738881520994192,1.2819986203139138,166,0,0
1.700405198996708,1.1235232622361415,3,0.020331014298244594,0.6496047762633168,90,0,0
1.1309376039331214,0.3912001506113012,1,21.558928909273074,33.20909092959599,28,43,1
1.090345177293965,2.5842946573193974,4,0.0,0.0,68,0,0
1.6117268892475614,1.70758889245506,1,6.2296393169432935,10.170526490524502,89,16,1
1.1247325453347885,2.5894738977959273,4,0.0009962552506587144,0.07073412279676872,71,0,0
4.227372713802482,0.5360581429423011,5,10.001953712230312,22.67609079322674,157,116,1
3.4814994636152585,1.8116476238698658,3,0.19015535185480587,2.1115800297909857,222,0,0
3.1297448265750307,2.8754151058760935,1,2.7551463611436238,8.193871356125236,152,36,0
0.9057618000180174,0.31252388729964736,5,0.17697628201116003,2.0702546515982654,49,6,0
1.56898765552325,0.7301598759026213,5,0.0,0.0,77,0,0
4.453463697434861,2.5306544297401357,4,0.012951262439165058,0.28534593049510804,251,1,0
2.2475299141634943,1.8910708236927867,5,0.036246243666079356,1.069800688215139,147,1,0
2.4850689107132427,0.8190467016622487,1,14.974782345859131,38.670035800474935,42,112,1
3.3540040209331377,2.034931003743973,3,0.09884236516403881,0.9245446748002593,213,0,0
2.5655800961785635,1.4694734770789508,1,10.708314943808114,23.836428938129686,75,43,1
3.202588991278845,0.32940122225924157,4,17.330177071680264,34.62596544642738,83,111,1
2.6041732985385413,2.8025750464140655,1,0.9430908985577198,4.213061280725128,147,3,0
3.713717753144446,0.6190591501539351,1,23.412144310997565,50.37279067017788,46,202,1
3.437029308492579,0.4107420256583562,4,13.311802302754282,27.800854753875456,107,106,1
4.579177564365666,0.576571356759104,5,7.052310895389674,14.593784306944869,192,59,1
1.5052895912112407,1.117395779003715,5,0.0,0.0,78,0,0
4.920257398943876,2.7891332091612364,1,9.258468902891305,22.70496382024153,164,119,1
3.6515752327102233,0.3121381945834631,1,22.094105998205308,49.36298191754764,18,202,1
0.8727718335140431,1.4283836154865,1,0.46775712599392877,2.235440520550082,55,2,0
2.0656533031811346,2.025465183705298,3,0.010718482813072092,0.3670225136032599,118,0,0
1.764182532043234,1.2998081841735172,2,1.1867909005908086,4.976702291528776,110,3,0
2.6312786194652666,0.31344603680657973,1,24.2589627601651,46.94332020468297,20,136,1
2.6886634580847684,2.9225618640423887,3,0.0032921568747589745,0.14621696243234794,143,0,0
3.6308973815651853,1.4802011553041,2,9.427850688455647,19.4939642279951,163,68,1
2.8320953144198104,2.5692168747523194,2,0.16136334150112497,1.356317278944168,184,0,0
3.8254609754080335,0.9357692911560445,5,0.41967373201676295,3.084661321713007,211,0,0
1.5522219007511013,2.0675570279878936,4,0.0,0.0,95,0,0
2.095523125704473,1.7574894476707543,1,7.163514248574888,12.875947203256104,108,25,1
1.0349139047385096,1.0908726257001113,5,0.0,0.0,59,0,0
3.9249269759590653,1.3496392573053666,5,0.10495310323710287,1.2189780848480467,238,0,0
4.618411549623665,1.6787162785950351,1,20.687003904907872,39.14521155280791,86,202,1
2.4092930260072096,2.6743595590478466,1,2.3341293447195115,6.676729525130902,145,1,0
1.4406589972539128,1.7394158143306122,4,0.00034452677505972436,0.031007409755375193,90,0,0
4.840927588448824,2.0404152204475663,3,0.17013236935004714,1.76546094190997,286,1,0
1.1608657630766843,2.5286704311450645,3,0.002085544618632178,0.12759197514927445,81,0,0
3.829699569469287,0.5590404285601336,3,18.728031905899886,33.6929695319229,100,121,1
1.1503760726819938,2.457957705746933,2,0.04668952421662565,0.831004526216347,73,0,0
3.6512814231227915,2.6093547882915407,2,0.8631089067684454,2.3479719745329533,253,6,0
3.4779648141559467,1.7042854757781793,2,2.6913324585098133,5.9502695568397,202,19,0
4.8177038985511045,2.2782210181192726,1,13.764814560301565,28.48663695097936,148,149,1
1.0446115249982544,1.3638137778238715,2,0.06685788851674045,0.9482165715561948,66,0,0
1.3641452506399905,1.7971259037347693,5,0.0,0.0,87,0,0
2.424984882170792,0.6858055036825389,2,13.087880308990455,34.79822053803244,62,78,1
1.7267671229340034,1.0783590573144721,3,0.05312227054904309,0.5892239184666117,102,2,0
3.9360632367962403,1.6888025187932008,2,2.914197647594284,7.135487836924938,194,27,0
2.25598312845221,1.1600402761809518,5,0.009178122244188163,0.2803021942219033,148,0,0
1.639357500163964,0.31019729608950797,2,12.157447556493917,31.937676518458023,30,69,1
0.7243067569128508,2.9201712065833147,3,0.0,0.0,42,0,0
3.3887517540327274,2.974236475832473,1,2.768044904142861,5.116276637331495,199,17,0
2.1178602619045233,1.6798346145849332,1,5.62612641378912,17.730783061607326,89,51,1
3.5312503571812024,2.5447529143196483,4,0.004621546228956801,0.272395181059931,210,0,0
2.1613799474219437,1.1093711527100782,1,5.870802180741649,12.796055240766677,81,30,1
1.0212196871278727,1.6886581750003207,3,0.021629283092385983,0.6018324175219689,74,0,0
2.685919712149549,1.562578298790089,3,0.15147779943991946,1.5670561138644175,139,4,0
4.772613312704223,1.5077324028375654,1,17.66613454628824,43.477665245253974,86,210,1
4.591543430582181,0.5611415010791776,2,22.858547620225284,41.01819853874089,71,182,1
1.6721165670471254,0.5528107488928906,3,1.6859071907392902,5.491932144383277,97,10,0
3.6901408081549434,0.30868538447451704,3,19.753987058286352,46.80444499265601,57,186,1
1.9053289078027618,1.013036240117632,3,0.46137701880631615,3.6643520272348553,114,0,0
1.8961632617482154,2.8256870178754627,2,0.03493268116743992,0.7282226703356276,125,0,0
4.6939102029356645,2.0537951198813107,2,1.4299195763567984,4.375726518823512,255,13,0
3.4043950174219337,0.5036720180658577,3,12.479325853735096,28.006193115217577,91,97,1
3.1367346880834335,2.3143791549759207,1,3.111647466760144,8.04869864966166,164,30,0
1.728338104456941,2.2680899431310295,3,0.007415975518031034,0.4105078886988096,115,0,0
4.6007526925206035,1.552353806895527,1,19.176430963525412,37.82880528427006,95,174,1
3.8415274358136235,0.7437354849515163,2,16.69231675006219,33.48500128756568,113,130,1
2.2519742356967116,1.0890244352308291,3,0.29912196662227614,2.0418719088765442,143,0,0
0.6649497395601828,1.2261303811000446,4,0.0,0.0,28,0,0
3.024632652948253,2.891474105192847,1,1.1110592053453772,2.8346673399621665,162,7,0
1.0563619385459295,1.2596629206864278,5,0.0,0.0,67,0,0
4.765628309469142,0.9256629223267654,5,2.521676249077628,5.446318339243241,260,21,0
2.7910707443328673,0.672199235618939,5,0.26282977160950843,1.8715825211140853,182,0,0
2.7939901125673123,0.5781642886474397,1,25.301928486440662,45.03155530132169,37,126,1
4.141260881373951,1.259356352065877,1,19.855992360593575,38.63184038536586,80,173,1
4.581303047061787,1.0898309055026254,5,0.4511069309000888,3.235866235909235,261,0,0
1.660227078247662,1.0384111041647104,1,15.650534355575088,29.10961389609691,64,44,1
2.3192250860777515,2.5223787925836003,2,0.15944797803483493,1.2617320537784975,143,3,0
4.957443687455689,2.24314419824136,2,5.575788162258154,9.732373217013638,241,42,1
3.8377220219679535,1.2662001624808574,4,0.1514616341308775,1.3039308110376133,229,0,0
2.524644504141177,1.7712088637094294,3,0.024105498635089095,0.5187152608670988,169,0,0
1.4967501157214615,2.448440121896066,5,0.0,0.0,89,0,0
1.5059134664604994,0.8243448562034301,3,0.06605517265708297,0.9223093610778221,75,0,0
2.9881798594269178,0.37902631775126794,5,14.02242749836041,28.387679420585684,99,81,1
0.5497600538519412,1.097317213093663,4,0.0,0.0,45,0,0
4.3679282748331385,1.1841917122135701,3,4.042375387291927,10.130091852395694,205,38,0
2.1341329823004553,2.520726241313743,3,0.020417846705244658,0.698858528596288,147,0,0
1.4717856438234624,2.980722933259909,4,0.0,0.0,81,0,0
4.308754510835205,1.3377010951778057,5,0.46044224258375216,2.5388039580014885,292,0,0
1.5551930708590873,1.6824097448409203,2,0.1849836857664135,1.2372966830766003,99,0,0
0.5452881113736452,1.5843354147372182,1,0.23165890007260756,1.1959255532832813,35,0,0
3.758152591101381,2.9658012008921744,4,0.0015024010997813305,0.1249723970516996,215,0,0
1.5113282567587818,2.7142248719964797,4,0.0,0.0,67,0,0
1.2858489270801923,2.2387023209840193,3,0.0,0.0,68,0,0
1.6165260433214357,0.48644386032364484,5,0.6706300060088193,3.486320530810058,84,0,0
4.189901417209615,2.5210559090872624,5,0.004675049028799409,0.2648486267385337,239,0,0
4.914893974333001,2.875558849975051,5,0.003693450091324514,0.15594777944008342,330,0,0
1.2473395391669102,1.0534289333885398,2,1.2556579211833865,3.8587439668113532,88,5,0
2.8154451719077134,2.76491607824503,1,2.564933890870561,5.047595448941756,158,18,0
3.938553196989579,1.8256906835815225,5,0.0324954251396218,1.0399998367169463,249,0,0
1.2822055702194337,0.6073739902691357,3,1.121623674734144,5.0113294507210675,66,0,0
3.4382952796506783,0.6474032139510115,4,4.150563996425884,9.676751507879622,171,26,0
3.0395321079846065,0.8123754392667482,3,4.2004304446359955,10.524236911298331,139,38,0
2.678950734979634,0.6199061874750492,1,20.584874330896504,46.029414604673946,29,112,1
2.397770776653494,1.1806601139706685,1,16.5686429959958,28.475157692073523,74,70,1
2.778257631141075,0.32007570663422713,5,5.58652119670614,20.883441735277707,109,58,1
2.971191441468728,0.7306527601019774,1,16.43646103877292,43.29374380765909,39,148,1
4.540783682885275,2.376216903510122,3,0.14911900827767136,0.9362176805128168,256,0,0
2.978260889068706,2.444574493561997,1,12.250874379073142,21.51247787385479,114,60,1
2.765178518587268,1.67399077169253,4,0.03565594854432968,0.5848569764717695,170,2,0
2.3010321963776446,0.5317551103933505,5,2.318029797256129,4.808601055940613,154,0,0
2.3058557361236796,2.9575542388667557,5,0.0013095850680672147,0.17417481405293955,133,0,0
3.7753008241395243,0.5171758121963754,1,20.81141637798576,51.76786306853444,27,202,1
3.953731468349667,1.172486676718375,3,5.647058115037641,9.60952391309678,196,31,1
3.5745479640709044,2.012748553714014,1,13.149381754419366,25.387972665049006,123,79,1
4.975921498746235,2.8669071428655424,4,0.003432862843961015,0.2865159119576859,283,0,0
1.523554970100946,1.672499537395559,1,0.821692673413732,2.8463228566037486,82,6,0
3.71624478379192,0.5809123511730321,2,21.387333909641246,39.285650495272534,81,162,1
4.066763895614676,2.7563148570713674,3,0.08632598955860656,0.9555750651716082,231,0,0
1.19593922928268,2.4461279820670314,1,0.19180943928360744,1.3539941726025333,69,4,0
1.6082419754955468,1.9914476544099864,5,0.0006797494212415838,0.06593569386043363,97,0,0
2.532161024337667,2.8903785378413764,4,0.002226674805614729,0.1230894893568113,136,0,0
2.6675891087293975,2.788012979983566,2,0.16683390118368063,2.0112247594615766,169,1,0
0.5629699154964117,0.9928045522553846,3,0.0,0.0,40,0,0
2.356389221931143,2.561798464097134,2,0.17631483233270634,1.73501498807083,142,1,0
1.6779717072130647,0.42394701189619427,5,0.8421182764239028,4.186852952434592,103,1,0
2.794098921275802,2.8530168237259192,3,0.014096780664822317,0.3885264650828928,143,0,0
4.5632961681696225,2.4212306381524993,4,0.02607527818713189,0.45343988190835205,266,0,0
4.880464406750134,2.010196331374756,2,2.3830865718725227,6.00784113014879,243,36,0
3.879890863420619,0.764150160550546,2,14.937165978774745,33.18218448557473,110,129,1
2.4621182607236025,2.609414642107688,5,0.0,0.0,143,0,0
2.865242386435646,1.9329164084299344,4,0.0028648043219989716,0.41500402958315163,178,0,0
3.1696226218280987,1.534674482700551,4,0.05808544192160653,1.179342410483116,203,0,0
0.8768336623464078,1.429778803970757,3,0.0,0.0,48,0,0
1.0853239344702632,1.997531797730708,3,0.0,0.0,61,0,0
4.015430198361762,1.6106849063414197,5,0.01048717914464084,0.4805424505121323,249,0,0
2.3595831678129464,1.4868994947301384,4,0.013361246116329894,0.37010430634889246,135,0,0
4.8471413679663815,1.667076895334559,1,17.94501716367667,36.771925782583324,106,191,1
4.222339880517913,2.1075179921846563,1,14.209812166185346,26.105006427311736,152,130,1
4.710520233140039,2.126767990664834,3,0.19546665353645107,1.4522446446463633,272,0,0
3.2708742273537452,2.5204424791123254,5,0.0,0.0,186,0,0
3.659882016847731,1.4797681373643918,2,6.319456309414844,13.570461467096784,183,56,1
1.0305481006286503,1.1477975242254528,3,0.011716385662915914,0.3724783671992,53,0,0
3.395052982401323,2.0182257844198777,4,0.03783513265715676,1.3482996421562632,236,0,0
1.0579658249464734,1.8321643964865775,5,0.0,0.0,55,0,0
4.0753741900926155,2.5300924361425743,2,0.4045278765418569,2.288324233994942,244,0,0
3.3199484814504836,1.3950662845819657,5,0.012366824080979916,0.25869041665248993,187,0,0
4.860322375100451,2.628779676472756,1,13.393516285860304,26.705358847025916,162,129,1
3.0923943786600723,1.2542772612920394,5,0.022789677759908304,0.5122017076043264,213,0,0
2.828820010906801,1.2290743463146527,1,15.018479573658205,34.94997831421021,72,99,1
1.0100694944384871,0.4708210912592846,4,0.13317155416210602,2.324174772616187,64,0,0
0.5678920498114197,2.421807582303987,4,0.0,0.0,31,0,0
2.065549144892344,0.3593969941255988,3,15.798050232104169,29.783643236259127,80,51,1
0.9907361325360244,0.7107907021645101,1,9.244253244739486,25.46152581255169,40,23,1
1.4149495114553576,1.906771844658041,1,1.975607994426695,5.338570893957524,76,4,0
4.626514418348785,2.463109074808856,2,2.085676431333963,5.6220864515180295,258,28,0
2.3390730233646453,0.8984218343655503,1,21.865256880396743,44.181153756162445,38,113,1
2.3860743902448514,1.8153840952554072,2,0.5223179787218795,3.1066186902535904,149,1,0
3.3270984434497834,1.031768218480969,3,3.014544540382827,8.185868048189242,180,22,0
3.7089253950280625,0.5735103992231181,5,5.220276681785395,11.243207400454004,181,30,1
3.5992591977569885,1.5455343805198487,1,16.494579984110192,32.47755809773281,79,126,1
1.0408805474328988,1.5442937118989508,4,0.0,0.0,58,0,0
2.717931614766418,1.4257925697590654,2,3.8455708175418946,8.242436301612582,143,9,0
1.6615928747384103,1.8793877097807017,1,1.3650346162863005,4.917406905095895,79,3,0
1.6622890573524516,0.606762733174496,1,23.606361625728667,39.15634723478222,44,77,1
3.4723786497705174,2.1318444470740934,3,0.12343699630135793,0.9382032154905549,231,0,0
2.939252349202805,1.4373584199664278,2,5.043561617849924,9.404699830573968,159,4,1
4.205866197877181,0.518573812511036,5,11.591393246252471,23.25958900232795,160,99,1
4.703048972654203,1.3280711066023636,2,13.772608906467298,26.927018612019552,172,109,1
4.291568327347569,0.9910415086291107,1,22.47128419889635,46.50895209048035,58,197,1
2.7806509914381636,0.6699005409377241,4,1.305667920954029,3.3618803013566865,163,4,0
0.7970147461141766,1.840656541581407,3,0.0,0.0,43,0,0
0.5052469897110379,0.8301724637271011,1,1.8565578954765636,8.220812092919456,32,0,0
0.548389580746969,2.1002388565297094,3,0.0,0.0,33,0,0
0.7290948981219151,1.6821945215716863,3,0.0,0.0,43,0,0
3.2294115765313287,2.5383307278598535,5,0.001563002496150755,0.15545102456775162,184,0,0
3.790573145655842,2.2017676864635773,1,9.496976555120867,19.79674473097289,137,66,1
4.468980443374599,2.9922555813989633,2,0.597337712786333,2.866861456878034,288,0,0
1.9163956605244787,1.8261303593157423,4,0.0016953618088364,0.12848570637084933,119,0,0
2.8797547687338674,1.2533369214628243,4,0.18296291885006113,2.041036957831164,186,0,0
1.1170900493648372,1.8405866321812923,3,0.0,0.0,61,0,0
1.0330451664659015,2.564373304766359,3,0.0014839345264893186,0.08458426800989116,57,0,0
4.471503508274789,2.2159777540701326,2,1.5312764678639477,3.9538304200582424,247,21,0
4.617817400653418,1.4042226652549028,4,0.41156735583420445,2.3102454494990674,297,7,0
1.1923260705572285,1.6277361926186518,2,0.0302011482684443,0.43895143540035164,69,0,0
4.575328940187493,1.8863456087361674,1,18.611429166210268,39.69461612211555,105,192,1
4.574967350422904,0.6613378192413489,2,20.639858213580183,46.454829478419185,68,220,1
4.85635811890856,1.9050928300237877,5,0.008806054897384664,0.5425112560465948,301,0,0
1.7750259438393399,1.3079999226506995,2,0.469804458960442,3.6131724838511445,93,0,0
3.70486614200751,2.90506204988603,5,0.0,0.0,216,0,0
4.879746159148423,2.9171223572312828,2,0.3104178197428564,2.4495864271257872,267,2,0
4.2929296255080835,1.9243291662778972,5,0.012445443235299638,0.47979790162437297,253,1,0
2.144127295478232,1.1969421734445727,4,0.015434824566027426,0.7469109806119079,130,0,0
1.9381244917908258,2.448656798866828,4,0.0032133573925134367,0.26047894272558736,109,0,0
2.832737846234959,0.9974261707847711,4,1.1084142989247134,5.126472266596068,188,0,0
0.9436729837600024,0.9093252210264604,4,0.025913355419616726,0.7804513166443385,65,0,0
4.511016620252899,2.1625806553116838,3,0.3624712996117971,2.485509622824594,270,0,0
1.4040737184596628,1.211824330216613,3,0.02848229082364909,0.37561423471733324,86,0,0
3.2241274648855702,1.6900116634027653,1,15.22680072418792,24.693114813375864,117,96,1
2.138848448992052,0.5970908694672179,4,1.7234550978615022,6.472636492308364,144,5,0
1.109466483858998,0.5439718077247095,1,14.377347838780015,30.18459371424188,34,43,1
3.9170312176227178,0.6309617624863944,4,13.296489761032769,23.42863798082707,126,82,1
2.869190494969462,1.3606308157790514,4,0.021481721613924976,0.3131225827039259,198,0,0
1.9206418283740345,2.4982756276675704,4,0.0,0.0,102,0,0
4.379516436778967,1.2348240719719965,5,0.1151531444080482,1.3109667549299644,234,0,0
2.898507101285696,2.628125673185438,5,0.0,0.0,161,0,0
2.55369482211943,1.3648304917105516,1,10.872000219479917,23.328607996167605,82,67,1
3.2189056429957663,1.4807603829446874,5,0.004141690604411358,0.2586885799842946,178,0,0
1.0751996894086906,1.3429102108850142,2,0.1399833465518166,2.6377804117187758,70,0,0
1.1336274121095133,2.784232612292704,1,0.12775666762447363,1.3946157918638775,54,0,0
2.7282517377892193,0.935910527136727,2,13.71509500322689,21.85471505664153,109,68,1
1.9576391001920388,0.532486506093705,5,0.22044608875654698,2.8406964220480706,120,1,0
4.565575080420187,2.9985057351414683,4,0.009111110477797349,0.30558111825692436,269,0,0
3.3466861150281035,0.6236409515685868,2,25.21299957027685,40.982808371409945,66,145,1
1.5371290805848774,2.4739355141867887,5,0.0,0.0,113,0,0
3.5429661888771418,1.9112236400266236,3,0.09282134606099274,1.2373613958699181,211,0,0
0.9887519389601984,2.2696401535514705,1,0.6672801164874936,2.9986792211472135,67,0,0
3.896826500441847,2.875783209281203,4,0.020482580248617786,0.8737957041952953,247,0,0
3.219850143943198,1.5309268375925282,5,0.014615434356996058,0.5999988422842755,204,0,0
4.853521055206575,2.907854722179991,3,0.0666249257815307,0.6317488393339907,291,0,0
2.4461354452677084,2.007214289727372,1,6.986034501558091,12.56887881702593,107,17,1
3.476712911685688,0.3521730909559731,4,9.41699207657333,26.99930292915685,97,94,1
4.222615272701564,0.649373643904223,1,26.59447169612511,53.22180722069909,32,213,1
2.66003637740636,1.3133475847631453,3,0.2410956945298947,1.571850261123771,163,0,0
3.5042249058405477,2.5859274488785693,5,3.680956056184764e-05,0.005893285980329566,229,0,0
0.6761543966637236,0.3024434866584945,4,0.009144557496615033,0.2434462023387809,35,0,0
3.6260035115451847,2.5514774091411865,4,0.007492803268670394,0.22245777678829626,209,2,0
1.402786602968549,1.8918346703327518,5,0.0,0.0,90,0,0
4.324147288738343,2.654657562639514,1,9.905819805890827,20.812311726572524,156,71,1
1.544766796477003,2.254154664988075,2,0.022110390837317924,0.4739586644239182,85,0,0
4.924983887158256,1.5979089702703224,5,0.043893799947153325,0.7164221403461681,306,2,0
4.752605201856166,2.5253862056535996,5,0.008878745785809201,0.24909866609653264,275,0,0
1.8905255317132719,2.4565633005941407,1,1.1943488083034486,6.4635830383203015,108,11,0
1.0793863205392362,2.167990455750901,4,0.0025077163632434224,0.17804786179028298,71,0,0
3.632033630272487,2.3654652405677226,1,9.842602820230576,21.970313139841736,141,81,1
3.399150621854644,2.729368412954342,1,10.378168832750497,15.735230374355055,148,46,1
4.427099671095224,2.571122978734602,4,0.020114621127348787,0.5635490442358275,257,0,0
0.5720947298668073,1.6586512991915194,5,0.0,0.0,29,0,0
2.0023765509286298,2.560644283035564,3,0.006926589863462309,0.24798074159321004,120,0,0
3.663494213857018,1.7711624725139843,5,0.02163463016837108,0.5669098206512082,216,0,0
2.2898467216629883,2.432307559848292,3,0.01948248066544956,0.6414768641980828,145,0,0
2.3938532161263733,1.5693587945739909,4,0.05501144434892071,1.111279206954741,153,0,0
2.149034590871219,1.3662294088856626,4,0.016544067801188722,0.44607575382715225,151,0,0
3.3533968621274663,2.9587437649070716,2,0.1736213719180774,1.8479182212504028,213,1,0
4.556064348121633,2.404175519784588,4,0.03164611366277495,0.4810279260394985,281,0,0
1.3793289606341914,1.718217819104767,3,0.0006456939455426042,0.05617537326220656,87,0,0
2.110355214079331,1.3631614097422478,5,0.0,0.0,129,0,0
4.814168131735512,1.9633604718562243,3,1.0107924584712222,3.797088255042979,266,16,0
2.489083801899164,1.0588790930233938,1,12.112729590507758,31.48634396453106,63,75,1
3.649616411009018,1.4741284819938707,2,6.592813950174331,16.538829152363604,171,58,1
0.7770303683051363,2.259084731409543,4,0.0,0.0,51,0,0
4.492933331724946,1.5507211695530323,5,0.04434447126460466,1.1043466787585814,249,0,0
1.6646664795967612,1.5420195482236745,4,0.007142121535157194,0.3129251770713637,109,0,0
2.9854984079077025,2.3357731588253117,1,7.674949213877767,19.60720439934874,125,66,1
3.661962217962695,1.1693811234611664,2,8.9499701789697,23.35424350208494,140,103,1
3.581838672297044,1.7432896698482105,2,2.853675504279646,6.729308552876432,192,2,0
2.3850220458500306,0.9014761763854109,2,7.318316524009382,18.371326800832186,103,46,1
3.380720357720498,2.360610009939869,5,0.0005989926220552626,0.061205980604135846,214,0,0
2.9268110350200836,2.6850546808708,3,0.008868113764470349,0.4303200823046751,161,0,0
0.9021164533443378,1.6038350820640683,5,0.0,0.0,54,0,0
4.4713914453785115,1.5184832516833895,2,11.443452061335753,22.859723199365085,182,86,1
4.821133895746305,1.0382573007434022,5,0.9159180458477784,2.8854566303150477,298,0,0
4.11462466759213,1.047149459356277,1,17.70409374433583,42.0328185258993,77,161,1
2.8933415530513207,1.884280874161016,3,0.10353186670216402,0.8032474577108637,172,0,0
3.011691626197174,1.4703310199723418,4,0.04162888459012586,0.7961824566724189,165,0,0
4.1036882335805736,1.2172287413697107,1,21.404501813692946,41.78579902840235,64,183,1
4.174655371844137,2.402428385452897,4,0.03281536964131089,0.6309477158673147,252,0,0
2.4864906940646105,1.8624749012534092,2,0.5036105892634605,3.693382786620891,153,5,0
2.9424912452721843,1.3290400462691632,1,18.663144007661206,32.715117487577714,80,106,1
2.993798461170067,1.402334657481792,2,9.447222496349934,14.623926489455968,147,47,1
3.824708651081865,1.7232832182249176,2,2.168581017787853,4.338951463500393,204,11,0
0.8358355956842958,2.00792915087543,5,0.0,0.0,45,0,0
0.9056247745799858,0.6660885792008926,4,0.00393943117387461,0.1457353802773511,51,0,0
4.780620061290496,2.537737451006123,2,3.0027256388181525,6.566291015291615,306,33,0
3.7126139560994895,2.875104830381413,1,10.748726450422467,20.30725256773838,164,74,1
4.883449751649691,1.2649574424901862,3,7.2731850409490875,13.489673293111885,210,79,1
2.8676433352455133,2.986847812229322,2,0.13066064732540436,1.5116917968747146,183,0,0
4.6946637629068215,2.3085263566461522,5,0.009227473384547807,0.2454928537047678,271,0,0
0.5629455227623956,1.0127232888667022,2,0.08728315459646972,1.1596771382464652,31,0,0
1.3819241755010028,2.8934276589229198,1,0.24143589759708192,2.164882050641939,81,0,0
3.013834632725318,1.007459088427952,5,0.030118709239574284,0.7571230051449582,182,0,0
0.825164051642423,2.9739700394186497,4,0.0,0.0,54,0,0
4.190059712914361,2.2805338663610866,1,15.31166992217833,29.9567159502443,122,119,1
2.3951828912529103,2.120518260616921,1,8.964780767285452,15.384298976688463,114,40,1
4.0999729998470125,2.5353464582254444,2,0.22660646052242825,1.1482340560841564,227,0,0
0.5289568989484339,1.7217366699668168,5,0.0,0.0,31,0,0
2.3016584466848453,2.372019931279461,1,2.274743036367182,5.80334960160566,143,9,0
3.86877149390231,2.4035292259399244,5,0.0020305368200686986,0.1964070814917278,238,0,0
1.7397403382054084,1.7980487030891201,3,0.016365798081185986,0.415358745272421,121,0,0
2.95171455033642,2.1483324279792404,2,0.9165493606582421,3.722151139673869,175,13,0
0.5999901051526911,0.5534570200054466,2,1.9159464814393345,5.817402256366474,40,0,0
3.0212897023311456,0.5349191144941647,3,17.434491354392257,38.21834599898247,79,106,1
3.5511904014561066,2.5388743880197238,5,0.0,0.0,216,0,0
2.5454382996842466,2.0034847930129196,5,0.0,0.0,150,0,0
0.8709565494145268,2.532714429427204,2,0.023809117036226166,0.7089228233415863,58,0,0
1.056716931994345,2.0132498255467586,2,0.02041973476342306,0.7478407330507935,61,0,0
1.2020803710658277,2.1573626262780325,4,0.0001819063300312962,0.013642974752347214,75,0,0
2.4556836218415885,2.169188596126682,1,12.81263470407567,22.46077836987592,107,56,1
3.335470171757247,0.6244248614552219,2,18.2259707676539,39.10445551247295,82,138,1
1.3612466918749968,1.676076875634191,4,0.0037917427974142087,0.22603586223587513,79,0,0
1.386766061855364,0.574822866973534,5,0.02846514161573668,0.5227734598536387,75,0,0
1.196019990828121,0.4019097298597184,3,4.038594929470931,7.588427528462075,74,0,0
4.499181546875601,1.7314315568419703,3,1.1263975062015001,3.7097050566821785,292,0,0
3.6686394927519164,2.1090906476836606,1,11.471717616514706,24.211838113103028,135,82,1
3.1243577199840193,2.1674114722561493,4,0.036840294503931954,0.5154127714074868,233,0,0
1.2315432392445234,0.4232609040526575,5,0.19624785250092652,2.304114632763106,73,0,0
3.707759529772229,0.5991475305977366,4,13.281969562578373,25.883197152591094,137,96,1
2.3056391922197976,1.1274234646992702,4,0.028444946893157203,0.4781465832252252,146,0,0
0.9546582391243976,0.9078945272132926,3,0.07710069497256972,1.8553074251542796,44,2,0
2.1270811732409864,0.4677548931893135,4,1.9055075368285854,6.93696677454561,123,9,0
1.394768124219701,2.4839894342758666,1,0.6738397984381178,3.3217582691267005,84,0,0
1.2431749093318847,2.049116406971868,2,0.2070371110718094,2.359844588890418,82,0,0
4.597765231156432,0.5157644529347607,5,16.172775077859626,29.656859091783073,139,137,1
2.982700730463408,2.6664588764201564,3,0.018060232263987026,0.48913299779385966,182,0,0
3.92063938090464,2.2445160189229263,1,17.913033989883548,32.13476545997641,117,105,1
1.3331779268004182,1.1957532449979458,4,0.05833446242126248,1.556997671136747,84,0,0
0.6225635686443411,0.9262813157221084,2,0.006113362599741492,0.23178104792061305,39,0,0
2.6703315925554,0.6175706648505572,3,5.6965526054158495,15.608075356687095,116,54,1
2.0642533540256163,0.8042997026543053,3,0.3518446399008641,1.7297806685680257,119,1,0
3.1717060877113523,0.8197762714637347,2,13.35456625786172,28.110318378714638,92,96,1
4.764326420748958,1.6399541145708878,1,14.907054387488175,30.73338624189482,131,158,1
1.4564093461280685,2.3871304541459804,4,0.0,0.0,92,0,0
2.4591284781987657,0.33662657719567946,3,16.58798050491665,32.20162343227344,66,85,1
4.612921429753074,1.1741216635639686,4,1.322823512015552,3.4070838663530054,271,0,0
1.1612711907196074,1.4058665102870727,1,1.244283230215203,4.834257099425118,64,4,0
1.4600516316384797,2.9973090386415278,1,0.6753611896541483,4.648582884611068,94,0,0
4.887927968841292,2.397181313090785,3,0.24417755117895723,1.0977998883578124,304,0,0
2.2535218431127566,1.1354306600113775,1,11.946345256911371,23.487737919424575,70,51,1
2.771451839927654,1.3143290654801127,2,3.607668481182197,7.294932946508169,146,23,0
2.299672296729959,1.292029874799964,4,0.010356092104750192,0.4162964003750318,129,0,0
2.6172748118893994,0.7808013857319189,3,2.570868861359299,5.402126475657216,140,6,0
3.8688682232380076,1.7547531550340425,3,0.4891793798191469,2.9063620754209722,234,0,0
3.914767170445693,0.3015716174941513,5,14.322405910528802,31.497177789918585,94,124,1
4.573293306581406,2.616089501861402,2,0.35261561873498865,1.710631946307899,270,7,0
1.898722185269934,2.037734145410102,3,0.03162957920503955,0.40426074474650164,122,0,0
1.0836376440355746,2.9953974165179527,1,0.09950869625624813,0.9476229113488586,54,0,0
1.7675219469155263,1.3097060794151691,4,0.0036792593140892605,0.3033677756227391,111,0,0
4.796189470278159,0.46543248730884323,1,22.226758626757096,46.33865017881815,26,255,1
1.0967324531063884,2.9060968524199375,3,0.0,0.0,52,0,0
1.416236948453845,1.5637707129294336,4,0.00028723279730767995,0.027287115744229595,95,0,0
1.9051639659751347,0.3464507596805491,4,14.15387604514928,25.663448483544578,80,63,1
0.5901259836321806,2.6165390833302866,1,0.026616969789753465,0.565770249288132,33,0,0
1.7983484381760064,2.505691286623173,4,0.0,0.0,89,0,0
4.094579173297866,0.7015950519079139,5,1.5492927842043676,7.115328068000103,207,24,0
1.7177377208679125,2.1557453701009157,4,0.0,0.0,103,0,0
2.510673772720055,0.756117478259424,4,1.658835971358688,6.963355355364413,167,19,0
4.382217748917589,2.5030658648071786,4,0.013944693521966783,0.8678498029944173,265,0,0
2.6160856327437094,0.47607511473165043,5,2.088128595937305,6.489423258411719,132,10,0
4.582620647830091,2.299731668022845,4,0.036170570634032916,0.6915965363781291,269,0,0
4.617734653316798,0.47734232895378137,1,23.429035903978182,54.64016256175587,23,242,1
1.5734695545375152,2.6892942313942676,5,0.0,0.0,112,0,0
1.783856668696367,2.4630380058265224,5,0.0,0.0,119,0,0
2.267943515700593,0.903637312152384,2,5.276174501570761,10.512248559036394,108,16,1
4.973785755764522,0.43869631258510294,2,25.7945483616117,49.5669535201732,52,260,1
3.906601133245717,0.3480393027008278,2,24.613469767358147,44.359254537204194,56,190,1
4.493377152939882,2.9469307190960286,5,0.00047330821670864786,0.08040607000655342,278,0,0
2.64653157553303,2.5243403871018213,3,0.03788750714395997,0.6948704941428971,166,1,0
2.0200274859424807,2.0579387781176828,4,0.0018631895649411428,0.2049508521435257,110,0,0
4.135044024037409,0.9379671222884873,5,0.5534238004094936,2.615358802888096,215,8,0
2.4456070801931036,0.851566950626174,2,8.708117579451628,18.728015737076724,96,58,1
4.969389346539891,1.2204693106545919,5,0.22771742876632553,2.232224052724767,288,0,0
2.240756048246438,2.8809240661818127,2,0.10431748814586278,1.0439008556009242,118,0,0
2.667195215157119,0.32951974928532674,2,24.507563235537486,41.508819317057146,39,122,1
2.818262475632318,0.46495223617763076,4,10.086030662300345,19.388804593163115,112,56,1
2.5630312456908175,1.2077935115728513,2,3.831945742144144,7.305383343687623,139,20,0
1.1982260577720054,2.1678481831263476,5,0.0,0.0,81,0,0
4.603822973353281,1.447005505145814,3,5.293272195349823,13.474823460076983,261,55,1
4.761465799386467,2.25475517364227,3,0.26814900191520336,1.8675327798230015,326,2,0
4.031871580783891,2.3700882415489377,2,0.6020398415275507,3.17271476968029,245,0,0
1.4743644973503685,1.6084522668301786,3,0.0003018453803337963,0.025958702708706483,86,0,0
4.614865075730083,2.3673359975937203,4,0.014424232280495806,0.3087103717636097,251,0,0
2.4912466509063447,2.6116618769829416,2,0.035031823946559855,0.8653640788942614,142,0,0
4.747484583802118,0.9842303853059626,3,11.442127062947543,24.47646637170262,183,110,1
4.1374027654451195,0.44918140061301165,3,14.178318447856936,35.57963123234838,101,143,1
1.6199351113512435,0.49418232395463646,2,14.315447793627527,22.99244815108072,56,45,1
0.8763391590603605,1.2259785106076269,3,0.0043306149480381,0.11945672145004238,51,0,0
1.54186574722856,2.0364779075329307,4,0.006925284329572836,0.31948413593418046,100,0,0
4.844881742234287,1.908092128393441,5,0.025723156473797217,0.654074370480593,292,0,0
3.1823219151702644,2.0873437769950534,5,0.0030899392209653128,0.11630214458533317,204,0,0
2.9783250534131787,2.4803859543550044,5,0.00428568031848884,0.3977195912445026,190,0,0
1.1751385312809337,0.9106597368214766,1,2.7305033875628983,7.605508826904845,54,5,0
1.1981505910207222,2.5047737805016768,2,0.034327540021877934,0.41531410444913774,54,0,0
3.628516456998353,2.1961351213827784,1,16.502474657556988,25.68277958481228,111,102,1
2.18320595867554,0.711461925108182,2,11.333649965366535,24.492333563107806,83,50,1
2.4124067081637453,0.6940247757415373,3,2.061385109654077,9.13522325652604,129,20,0
2.200034936315964,1.724865155569116,4,0.0207750540327531,0.9764459198725586,127,0,0
2.452176048701306,0.506455926286401,5,0.5846234890308482,2.9992936743904153,136,0,0
2.5522963702820753,0.7123148772909024,4,0.49921510342114667,2.0215651431334853,153,0,0
4.597107658175931,0.6186181695124826,1,24.529709149164745,50.60173974846332,40,238,1
1.849082692729003,1.287930700295547,3,0.05636811537069146,1.0753314445593034,110,0,0
3.2439135072415084,1.6055082567081103,3,0.20093703324667853,1.3825618624914924,198,0,0
0.6580688542561746,1.4257124439684588,3,0.0,0.0,43,0,0
4.720307721287284,1.3908800396630463,2,11.02367927107254,22.943868003017798,174,105,1
4.224447413519968,2.1938683398133367,3,0.1500136028989422,1.1580020000186204,254,0,0
1.779980749264126,1.7426597853728416,2,0.08151930297883395,0.7865183508602271,98,1,0
0.8515546251644279,2.519891197505152,4,0.0,0.0,58,0,0
0.7533369793080089,0.3520670963203224,4,0.04700048307120839,0.7245974351244655,53,0,0
1.355679462739082,1.7369591148197912,2,0.1108519521766297,1.0546010136013102,77,0,0
2.348490896954705,2.173788035193995,2,0.1880607330350779,1.7920372164795673,128,0,0
3.552082364023426,2.952687938033326,2,0.1280171283591452,0.893240469107873,214,0,0
4.187588059654164,0.30067924088108583,2,23.32012449864839,50.0628895500284,34,196,1
4.779175846519442,2.00256555956408,2,6.325745135351157,9.331020904848295,249,36,1
3.897824252017745,1.8720781654405463,2,7.5637431613711295,12.110867363535395,205,53,1
4.75132713269794,0.9700861265500935,3,7.17994808551674,18.37966036778927,208,93,1
3.4767257909932265,1.7451328876913494,1,20.650160307403173,34.008061848172034,102,106,1
2.352450786422467,0.3245669584000037,5,4.31227960221454,12.77940940194214,106,24,0
4.114801183366657,2.300455892365322,3,0.13485054486833092,1.6710974374970213,236,0,0
2.2938251886074124,2.4360852471080867,1,0.22987165948454347,1.5494194619077248,89,0,0
0.9853790064645584,2.8774068094635457,3,0.0,0.0,65,0,0
1.942744298885401,2.3719968654317842,5,0.0,0.0,111,0,0
3.252410291973648,2.132662039201764,4,0.010542238767540266,0.3303352811524256,197,0,0
4.561805508552106,0.9526822110042168,3,12.441657461723372,26.008514288818915,164,130,1
2.2824139274755453,0.7583755075474585,2,11.661763671027668,22.72841884963955,86,45,1
4.821102451278713,0.3032004038990544,5,21.404284169167884,38.636052874589765,98,166,1
4.516477593569969,2.666945872239567,3,0.04406969918910907,0.7006371883495444,245,0,0
1.7274808276364713,0.9659191258846012,4,0.0007695854464155264,0.07464978830230606,97,0,0
3.322226737989246,1.3013555679757094,2,7.985361249615588,13.543814234191835,171,57,1
1.76978376173536,1.2842117029501166,2,0.35030411961664837,2.215921832487112,96,1,0
2.4761912159017223,2.979900595373768,2,0.04876406574488633,0.76057480363247,134,0,0
3.642381901165826,2.6385068338366917,2,0.5075103461626645,1.9555814427247356,240,0,0
4.992682803785903,1.2446531217083097,2,13.106517333466705,29.1993111964412,149,138,1
2.311022667769207,1.7225163917482473,1,6.46949614582936,16.73190466429329,107,55,1
4.316553237495697,2.3302222765856686,3,0.09500060759189677,1.0233401480982778,255,0,0
1.3512381261140383,0.650594753642036,2,1.1059012259950927,6.747302937705214,73,0,0
1.8237203068612178,1.7868840771092758,3,0.014707246442622912,0.5551793203542346,86,0,0
4.144058324391267,2.0185550697083414,1,14.037964326364946,32.33446206492695,114,149,1
3.768931815277966,2.6212052492113647,1,4.235689123120578,9.471960354887834,153,38,0
2.3707900323227986,2.091034722284115,1,6.377415216240557,10.744871597549112,123,27,1
1.6834850901916116,1.3688406011739378,3,0.09064426592044572,1.490860310400258,122,0,0
3.9017400212341387,2.4811965313638455,5,1.0921171758441926e-05,0.0025446330197169686,233,0,0
0.5863466960929486,1.0455373503017409,5,0.0,0.0,46,0,0
4.241155432916041,0.4896031245380279,4,13.737221410278156,30.226742088644578,117,131,1
2.915620291205217,0.7141087769159589,4,6.647788352436312,13.202542393062373,141,37,1
4.70737652904548,2.7966538792038516,4,0.018934478707838803,0.552382763890062,301,0,0
4.727428531372173,0.6824231906273839,2,22.20343588060543,41.249997791527605,78,216,1
4.563259557968383,1.078068707248863,3,8.300221375511782,15.890143704873594,223,51,1
0.7930860248962199,1.048332716489741,1,1.3615951231539556,6.159231233552955,39,0,0
2.2478067133833375,0.8946453704205819,4,0.14078048298267162,1.739683787953414,115,0,0
4.709992530139442,1.343313403583982,2,17.952285204123637,33.01657875604485,152,155,1
3.114745524711795,2.367233769568044,5,0.001153544100708337,0.09122785026240621,192,0,0
4.064605807513074,2.2472281054666556,5,0.008749246075822786,0.3717332461284766,250,0,0
4.2166530289992075,2.175760993590227,3,0.1527532260804272,1.1704760823826064,267,1,0
1.4190022984606911,2.2730007149007108,3,0.0,0.0,72,0,0
2.0592965520094486,2.3798340994777125,2,0.08732936947149215,1.0940036365805028,121,0,0
3.070008878843831,2.0495825963047625,2,0.34051833113259666,2.3436543459524017,200,0,0
4.58483010963382,0.4255011336566621,5,18.803948302439295,35.94291267959865,108,159,1
3.851431980601324,2.662088580181449,5,0.0024464760947202437,0.2628794853154872,236,0,0
1.3414727107376938,1.3020065741912568,1,6.997442932454875,14.52784589502923,86,18,1
2.5755495354566893,2.7934218428593853,3,0.01004788553919212,0.3074201707786983,156,0,0
2.6842132389581286,1.3413464893739193,5,0.030830554757186372,0.6789780699539705,141,0,0
4.634019464225096,0.8672568696948277,2,15.445038899498984,31.268226220203694,119,153,1
4.444039695642092,0.7611783995093653,5,6.827776526818533,15.791179023903155,218,57,1
0.6370038940736862,0.6073346093839053,2,0.01983372303001995,0.5950116909005985,30,0,0
3.9220997918906577,0.5208848276371112,2,17.86353245497097,39.81820171393359,64,185,1
1.1397962180007086,2.624902289398547,5,0.0,0.0,76,0,0
3.9554361932169027,0.4814044882292447,4,15.009260698304843,30.74910646297084,123,123,1
4.129072997720921,1.1932154415327185,5,0.17700633841190935,1.2729200510098195,253,0,0
0.6703295332289729,2.530454233504727,1,0.14515849359976762,0.9905014110348276,41,0,0
4.70088082457036,2.473171473010519,4,0.039355108561391336,0.8112499538047402,277,0,0
4.9128149814684345,2.218597248725923,4,0.07489486007002744,0.9612231811313023,310,0,0
1.4738451849330914,0.320414344850894,2,13.135127120332973,23.12766060955814,53,32,1
2.508693362362657,1.8905328267013524,5,0.0,0.0,132,0,0
4.763118304474694,0.9491171066653981,2,10.039378145782443,25.232755750898463,132,116,1
3.025387500110599,0.5852027908696482,5,0.898111907652808,3.471474539603058,180,0,0
1.8197424175986057,2.571257260723845,4,0.0015403639580188761,0.15557675975990648,101,0,0
1.243946813704662,0.377862267935514,2,16.32304460904744,33.006070420922725,34,47,1
2.2914354840798468,2.8285597348711016,3,0.010371750336676368,0.4603624806724156,139,0,0
3.7420225204881707,2.9140115390676073,1,8.50500134571957,13.686967238766748,182,54,1
2.1781000747248522,2.4135966583693866,4,0.002064183312030155,0.2592231440577528,127,0,0
0.5471774173458792,1.3355568047576987,3,0.0,0.0,34,0,0
1.58941174212169,2.7943893856827255,4,0.0,0.0,99,0,0
4.073517498409421,0.4847292949623647,1,22.295761579747882,51.70436246796487,23,217,1
4.519623238113966,1.3180369209010037,4,0.3035143172574497,1.823947924214396,245,6,0
1.8544529657293234,1.6907441340751808,4,0.003235745056725912,0.1625547711529194,97,0,0
1.0945630498308296,0.914682143610938,5,0.0,0.0,65,0,0
1.4869503317703396,1.654021767712239,4,0.00010658168710013054,0.010231841961612531,96,0,0
4.346941766347044,1.2180508969745982,1,17.991683848321752,40.08724633934829,82,179,1
0.8233238811362706,2.966943696572146,4,0.0,0.0,54,0,0
3.5393459806174326,2.0304478849951155,1,15.263407523654209,28.81216091163493,125,104,1
4.450307977620287,2.6662433548820736,1,11.858399874445736,24.55751412697777,164,120,1
1.2732612260864526,1.2399612603659091,1,1.5963829624438959,5.8579522193052185,61,6,0
4.750582076414292,2.998710268166773,4,0.03417797601419895,0.7930137525384282,291,0,0
4.367856385246895,0.617939712327792,4,12.030197185042752,26.848891645744388,161,121,1
3.6523986963891986,0.3226935860967142,2,21.440343669723525,47.561510094033004,41,174,1
1.0509942002072121,0.9707193830129384,1,2.0384689078947607,5.670595969289101,50,2,0
1.9295487057887497,1.5812142061892018,5,0.0003665167666478707,0.041416394631209386,113,0,0
2.150561885151914,0.4779057885221444,1,22.621206141052298,46.79942071265077,32,113,1
2.8920340405242455,0.5046255072954632,3,10.951551633495262,28.159993664780966,88,84,1
4.749912402977743,0.7695031031344888,3,11.867246485094762,26.926716798835407,153,113,1
2.8959279373017877,2.0172861746395405,3,0.03300584510156528,0.900231858972754,174,0,0
1.3662938332775776,2.5162450043635096,2,0.046019373694504824,0.6156602157319924,86,0,0
2.0993569308454547,2.6018331518476954,2,0.12066235954099708,1.8509208992017463,109,0,0
3.889894913820569,0.5105432341848553,1,28.66017612388863,50.90594185204001,37,216,1
0.6138771299858553,0.5337427965399386,4,0.0,0.0,39,0,0
4.722954414976435,0.423061532641847,5,14.044580285296345,30.77488468823517,138,156,1
2.9773048386886614,1.5456114968384944,4,0.04557816881039264,1.268883536489545,183,0,0
3.279510550845151,0.9465394693955413,5,0.029860403249661847,0.5403978869543913,189,0,0
3.4716460337597748,0.9949754841714671,1,22.01811458785547,42.970456380581254,61,148,1
4.327780266707225,0.8253800100852517,4,7.9270608076315945,14.019537306811841,214,66,1
4.9961056099825045,2.846010839026986,1,13.097696974076191,27.501482735553935,167,128,1
4.150592899719325,0.8196642303906301,2,18.262612104249058,36.604114279140575,92,168,1
2.3385365843925214,2.248430863144334,3,0.06877319642321249,1.7015015081888976,168,0,0
1.5738940091289533,1.825888597553038,5,0.0,0.0,81,0,0
4.757406034611739,2.375034290064176,3,0.10113084729076911,0.9174185591385049,278,2,0
1.1031672199611156,2.7896027259777085,2,0.0,0.0,64,0,0
2.3884590725304533,2.3091019027590862,3,0.05875747399144711,0.920004719172355,149,0,0
3.339591660876442,0.3290310847457916,3,17.223510169336326,33.40762680427598,59,99,1
2.617233714894164,2.532064705237956,2,0.049067645954395764,0.4565470753754042,174,1,0
2.441224622109992,2.0580688288399216,2,0.1670296679926356,1.185230175417825,161,0,0
3.344710033390627,1.3011741734538962,2,10.05469494442623,23.010036899422886,141,93,1
2.6608215057586615,2.5132363496131513,5,0.0,0.0,148,0,0
3.4752006983214865,2.768932151995676,3,0.008924579401170042,0.23676980199685715,188,0,0
3.2551752407389287,2.0590515973650865,4,0.0015904568904534595,0.08393352164668322,208,0,0
2.7236156656284143,1.1182048982199817,5,0.17036504486771395,1.3702116781454396,194,0,0
4.733608085686707,0.943690099936759,3,12.814617718066595,24.985689100415605,154,119,1
3.8041916852429662,1.6453243807850388,2,3.1627432798997495,6.480491160392049,209,6,0
3.798470958899773,2.677087212291682,2,0.2346010969267365,1.9225621074903643,225,0,0
2.9207153535935513,1.7726711875326877,2,0.25062621349174824,2.0773837960789265,176,1,0
3.4048825507766294,2.410821552894979,5,0.0,0.0,202,0,0
1.89072865494403,0.4096885694498517,2,17.602243983586778,32.98804885032584,51,59,1
3.826917615253917,0.9801772585611594,2,13.852215902562008,30.866635029854052,110,125,1
4.667597006059283,2.7003785899400787,5,0.000588425706258619,0.07388192351871936,281,0,0
2.2900304761552315,0.548191512045602,1,17.663173644947413,38.74369940379331,34,63,1
2.744387799387364,2.5904969396314104,4,0.0010729209555770188,0.17274027384790003,161,0,0
0.7145460969330626,0.7454268023028308,1,1.4762743818227924,5.785063116283507,35,3,0
3.1211443488786155,2.732211838945509,2,0.09432211007521726,1.1105248016540017,194,0,0
1.8057486337170503,2.955958977906483,4,0.0,0.0,110,0,0
2.3211448667329533,0.8803211382036975,1,18.369510306801505,36.9105381008959,58,90,1
1.820753371536543,1.88708634039724,1,1.6195678317880229,4.703209672166672,100,2,0
4.907205829799894,2.782250751186977,2,0.7193151326359386,3.799455716509428,282,18,0
1.5193034845840359,0.40329825658463947,2,15.83859090494531,38.17639994181765,32,63,1
4.616196133875854,0.4597453137885509,3,18.62861906437043,38.81111409958613,103,161,1
4.560361065448878,2.8819961113740984,2,0.5076361241320089,1.956562282539089,294,8,0
3.389891645072293,1.75255698738615,1,17.26731554779964,35.899338622085864,86,109,1
4.929385704677453,1.9129238051694595,3,0.19827029188063466,1.9519460955496655,286,2,0
3.938363359306611,0.8073946476064862,3,11.744009983842856,25.586424928807375,145,121,1
2.5317187276677213,0.4274003809600493,5,7.75688641300426,19.00677127182422,121,49,1
4.26450950097801,1.959029391534931,1,13.931128551523866,31.839765757158386,113,147,1
2.2152225870292908,1.1306173777188508,3,0.8033374381082656,2.6840074593413803,136,1,0
3.525864329196733,2.565349858635473,2,0.29168257358620336,2.259028134015413,196,0,0
4.068705618475267,1.8459382011172332,1,13.975929431242351,32.586333882164936,107,166,1
2.5803502735015478,1.7437510471312052,2,0.5422586742473859,2.474587569971221,157,5,0
3.5090428576977564,2.739799054141947,5,0.005508378703982471,0.3363946268324405,198,0,0
2.0742527084445093,2.720431287621392,5,0.0,0.0,149,0,0
2.9263965991811514,1.6099949256698876,5,0.004651441471365971,0.3323566422410913,162,0,0
2.4052169236902268,2.224042642335252,1,6.277649396597817,12.560335356634504,133,19,1
3.227269607086423,2.058809113343146,5,0.0006812410112833694,0.06616822587931637,209,0,0
1.3683465633451146,0.884485238657952,3,0.20366603500829245,3.243316728210795,86,0,0
2.883326174186277,2.765612869735864,1,1.7758414041065598,4.110577770865131,168,14,0
4.571603070770236,0.5690396200453454,3,19.381644232518898,39.08130852421849,100,201,1
1.2960909871816095,0.7546280272305409,4,0.0,0.0,76,0,0
